<SaleEnvelope><Header><SaleListCount>4</SaleListCount></Header><SaleList><Invoice><Initial>K</Initial><Initial>A</Initial><Surname>Braithwaite</Surname><Item><Code>00</Code><Code>01</Code><Code>02</Code><Description>Twister</Description><Category>Games</Category><Price>00.30</Price><Quantity>01</Quantity></Item><Item><Code>02</Code><Code>03</Code><Code>01</Code><Description>The Times Newspaper</Description><Category>Books and Media</Category><Price>00.20</Price><Quantity>01</Quantity></Item><Balance>00.50</Balance><Currency>Sterling</Currency></Invoice></SaleList><SaleList><Invoice><Initial>J</Initial><Initial>F</Initial><Surname>kpDxFSeXrwp</Surname><Item><Code>03</Code><Code>05</Code><Code>02</Code><Description>mpXwEfG</Description><Category>thrUQ</Category><Price>03.75</Price><Quantity>03</Quantity></Item><Item><Code>06</Code><Code>04</Code><Code>05</Code><Description>TMQy</Description><Category>sgiGhVVI</Category><Price>23.10</Price><Quantity>05</Quantity></Item><Balance>43.75</Balance><Currency>Sterling</Currency></Invoice></SaleList><SaleList><Invoice><Initial>N</Initial><Initial>e</Initial><Surname>YODgxI</Surname><Item><Code>00</Code><Code>04</Code><Code>01</Code><Description>lEpysEG</Description><Category>YtFxh</Category><Price>70.37</Price><Quantity>04</Quantity></Item><Item><Code>01</Code><Code>02</Code><Code>05</Code><Description>vrhPa</Description><Category>iqhV</Category><Price>64.54</Price><Quantity>07</Quantity></Item><Balance>05.07</Balance><Currency>Sterling</Currency></Invoice></SaleList><SaleList><Invoice><Initial>g</Initial><Initial>f</Initial><Surname>VfTjK</Surname><Item><Code>07</Code><Code>00</Code><Code>02</Code><Description>yuOYxwV</Description><Category>Bmkip</Category><Price>70.27</Price><Quantity>04</Quantity></Item><Item><Code>05</Code><Code>03</Code><Code>02</Code><Description>dEQNQZL</Description><Category>KIAWG</Category><Price>77.55</Price><Quantity>00</Quantity></Item><Balance>65.55</Balance><Currency>Sterling</Currency></Invoice></SaleList><Trailer><CompletionTime>12.00.00</CompletionTime></Trailer></SaleEnvelope>