{
  "swagger" : "2.0",
  "info" : {
    "title" : "SaleList",
    "description" : "Provide information on Sales",
    "version" : "1.0.0"
  },
  "host" : "ibm.com",
  "schemes" : [ "http" ],
  "basePath" : "/v1",
  "produces" : [ "application/json" ],
  "paths" : {
    "/transactions" : {
      "get" : {
        "summary" : "Get Transactions",
        "description" : "Retrieve transaction details for particular customers\n",
        "operationId" : "retrieveTransactions",
        "parameters" : [ {
          "name" : "customer_uuid",
          "in" : "query",
          "type" : "string",
          "description" : "Unique customer identifier"
        }, {
          "name" : "no_transactions",
          "in" : "query",
          "type" : "integer",
          "format" : "int32",
          "description" : "Number of invoices to retrieve"
        }, {
          "name" : "client_version",
          "in" : "query",
          "type" : "string",
          "description" : "Version of the client"
        } ],
        "responses" : {
          "200" : {
            "description" : "An array of transactions",
            "schema" : {
              "$ref" : "#/definitions/Transaction_list"
            }
          },
          "default" : {
            "description" : "Unexpected error",
            "schema" : {
              "$ref" : "#/definitions/Error"
            }
          }
        }
      }
    },
    "/payment" : {
      "post" : {
        "summary" : "Payment Request",
        "description" : "Make a payment.\n",
        "operationId" : "paymentRequest",
        "consumes" : [ "application/json" ],
        "produces" : [ "application/json" ],
        "parameters" : [ {
          "in" : "body",
          "name" : "body",
          "description" : "Payment details.",
          "schema" : {
            "$ref" : "#/definitions/Payment_list"
          }
        } ],
        "responses" : {
          "200" : {
            "description" : "An array of transactions",
            "schema" : {
              "$ref" : "#/definitions/Transaction_list"
            }
          },
          "default" : {
            "description" : "Unexpected error",
            "schema" : {
              "$ref" : "#/definitions/Error"
            }
          }
        }
      }
    }
  },
  "definitions" : {
    "Payment_list" : {
      "properties" : {
        "payments" : {
          "type" : "array",
          "items" : {
            "$ref" : "#/definitions/Payment"
          }
        }
      }
    },
    "Payment" : {
      "properties" : {
        "account_no" : {
          "type" : "string",
          "description" : "Account number."
        },
        "amount" : {
          "type" : "number",
          "description" : "Payment amount."
        },
        "description" : {
          "type" : "string",
          "description" : "Payment description."
        },
        "quantity" : {
          "type" : "integer",
          "format" : "int32",
          "description" : "Number of items."
        },
        "timestamp" : {
          "type" : "string",
          "format" : "date-time",
          "description" : "Time of payment."
        }
      }
    },
    "Transaction_list" : {
      "properties" : {
        "transactions" : {
          "type" : "array",
          "items" : {
            "$ref" : "#/definitions/Transaction"
          }
        }
      }
    },
    "Transaction" : {
      "properties" : {
        "account_no" : {
          "type" : "string",
          "description" : "Account number."
        },
        "amount" : {
          "type" : "number",
          "description" : "Payment amount."
        },
        "description" : {
          "type" : "string",
          "description" : "Payment description."
        },
        "transaction_id" : {
          "type" : "string",
          "description" : "Transaction identifier."
        },
        "timestamp" : {
          "type" : "string",
          "format" : "date-time",
          "description" : "Time of payment."
        },
        "transaction_status" : {
          "type" : "string",
          "description" : "Status of the transaction."
        }
      }
    },
    "Error" : {
      "properties" : {
        "code" : {
          "type" : "integer",
          "format" : "int32"
        },
        "message" : {
          "type" : "string"
        },
        "fields" : {
          "type" : "string"
        }
      }
    }
  }
}