<soapenv:Envelope xmlns:soapenv="http://schemas.xmlsoap.org/soap/envelope/" xmlns:soapenc="http://schemas.xmlsoap.org/soap/encoding/" xmlns:xsd="http://www.w3.org/2001/XMLSchema" xmlns:xsi="http://www.w3.org/2001/XMLSchema-instance" xmlns:tns="http://WssSale.miwssoap.broker.mqst.ibm.com" xmlns:wsa="http://www.w3.org/2005/08/addressing"><soapenv:Header><wsa:Action>SummerSale</wsa:Action><wsa:MessageID>uuid:515704D6-0111-4000-E000-82267F000001</wsa:MessageID></soapenv:Header><soapenv:Body><tns:SaleRequest><SaleEnvelope><Header><SaleListCount>20</SaleListCount></Header><SaleList><Invoice><Initial>K</Initial><Initial>A</Initial><Surname>Braithwaite</Surname><Item><Code>00</Code><Code>01</Code><Code>02</Code><Description>Twister</Description><Category>Games</Category><Price>00.30</Price><Quantity>01</Quantity></Item><Item><Code>02</Code><Code>03</Code><Code>01</Code><Description>The Times Newspaper</Description><Category>Books and Media</Category><Price>00.20</Price><Quantity>01</Quantity></Item><Balance>00.50</Balance><Currency>Sterling</Currency></Invoice><Invoice><Initial>T</Initial><Initial>J</Initial><Surname>Dunnwin</Surname><Item><Code>04</Code><Code>05</Code><Code>01</Code><Description>The Origin of Species</Description><Category>Books and Media</Category><Price>22.34</Price><Quantity>02</Quantity></Item><Item><Code>06</Code><Code>07</Code><Code>01</Code><Description>Microscope</Description><Category>Miscellaneous</Category><Price>36.20</Price><Quantity>01</Quantity></Item><Balance>81.84</Balance><Currency>Euros</Currency></Invoice></SaleList><SaleList><Invoice><Initial>K</Initial><Initial>A</Initial><Surname>Braithwaite</Surname><Item><Code>00</Code><Code>01</Code><Code>02</Code><Description>Twister</Description><Category>Games</Category><Price>00.30</Price><Quantity>01</Quantity></Item><Item><Code>02</Code><Code>03</Code><Code>01</Code><Description>The Times Newspaper</Description><Category>Books and Media</Category><Price>00.20</Price><Quantity>01</Quantity></Item><Balance>00.50</Balance><Currency>Sterling</Currency></Invoice><Invoice><Initial>T</Initial><Initial>J</Initial><Surname>Dunnwin</Surname><Item><Code>04</Code><Code>05</Code><Code>01</Code><Description>The Origin of Species</Description><Category>Books and Media</Category><Price>22.34</Price><Quantity>02</Quantity></Item><Item><Code>06</Code><Code>07</Code><Code>01</Code><Description>Microscope</Description><Category>Miscellaneous</Category><Price>36.20</Price><Quantity>01</Quantity></Item><Balance>81.84</Balance><Currency>Euros</Currency></Invoice></SaleList><SaleList><Invoice><Initial>K</Initial><Initial>A</Initial><Surname>Braithwaite</Surname><Item><Code>00</Code><Code>01</Code><Code>02</Code><Description>Twister</Description><Category>Games</Category><Price>00.30</Price><Quantity>01</Quantity></Item><Item><Code>02</Code><Code>03</Code><Code>01</Code><Description>The Times Newspaper</Description><Category>Books and Media</Category><Price>00.20</Price><Quantity>01</Quantity></Item><Balance>00.50</Balance><Currency>Sterling</Currency></Invoice><Invoice><Initial>T</Initial><Initial>J</Initial><Surname>Dunnwin</Surname><Item><Code>04</Code><Code>05</Code><Code>01</Code><Description>The Origin of Species</Description><Category>Books and Media</Category><Price>22.34</Price><Quantity>02</Quantity></Item><Item><Code>06</Code><Code>07</Code><Code>01</Code><Description>Microscope</Description><Category>Miscellaneous</Category><Price>36.20</Price><Quantity>01</Quantity></Item><Balance>81.84</Balance><Currency>Euros</Currency></Invoice></SaleList><SaleList><Invoice><Initial>K</Initial><Initial>A</Initial><Surname>Braithwaite</Surname><Item><Code>00</Code><Code>01</Code><Code>02</Code><Description>Twister</Description><Category>Games</Category><Price>00.30</Price><Quantity>01</Quantity></Item><Item><Code>02</Code><Code>03</Code><Code>01</Code><Description>The Times Newspaper</Description><Category>Books and Media</Category><Price>00.20</Price><Quantity>01</Quantity></Item><Balance>00.50</Balance><Currency>Sterling</Currency></Invoice><Invoice><Initial>T</Initial><Initial>J</Initial><Surname>Dunnwin</Surname><Item><Code>04</Code><Code>05</Code><Code>01</Code><Description>The Origin of Species</Description><Category>Books and Media</Category><Price>22.34</Price><Quantity>02</Quantity></Item><Item><Code>06</Code><Code>07</Code><Code>01</Code><Description>Microscope</Description><Category>Miscellaneous</Category><Price>36.20</Price><Quantity>01</Quantity></Item><Balance>81.84</Balance><Currency>Euros</Currency></Invoice></SaleList><SaleList><Invoice><Initial>K</Initial><Initial>A</Initial><Surname>Braithwaite</Surname><Item><Code>00</Code><Code>01</Code><Code>02</Code><Description>Twister</Description><Category>Games</Category><Price>00.30</Price><Quantity>01</Quantity></Item><Item><Code>02</Code><Code>03</Code><Code>01</Code><Description>The Times Newspaper</Description><Category>Books and Media</Category><Price>00.20</Price><Quantity>01</Quantity></Item><Balance>00.50</Balance><Currency>Sterling</Currency></Invoice><Invoice><Initial>T</Initial><Initial>J</Initial><Surname>Dunnwin</Surname><Item><Code>04</Code><Code>05</Code><Code>01</Code><Description>The Origin of Species</Description><Category>Books and Media</Category><Price>22.34</Price><Quantity>02</Quantity></Item><Item><Code>06</Code><Code>07</Code><Code>01</Code><Description>Microscope</Description><Category>Miscellaneous</Category><Price>36.20</Price><Quantity>01</Quantity></Item><Balance>81.84</Balance><Currency>Euros</Currency></Invoice></SaleList><SaleList><Invoice><Initial>K</Initial><Initial>A</Initial><Surname>Braithwaite</Surname><Item><Code>00</Code><Code>01</Code><Code>02</Code><Description>Twister</Description><Category>Games</Category><Price>00.30</Price><Quantity>01</Quantity></Item><Item><Code>02</Code><Code>03</Code><Code>01</Code><Description>The Times Newspaper</Description><Category>Books and Media</Category><Price>00.20</Price><Quantity>01</Quantity></Item><Balance>00.50</Balance><Currency>Sterling</Currency></Invoice><Invoice><Initial>T</Initial><Initial>J</Initial><Surname>Dunnwin</Surname><Item><Code>04</Code><Code>05</Code><Code>01</Code><Description>The Origin of Species</Description><Category>Books and Media</Category><Price>22.34</Price><Quantity>02</Quantity></Item><Item><Code>06</Code><Code>07</Code><Code>01</Code><Description>Microscope</Description><Category>Miscellaneous</Category><Price>36.20</Price><Quantity>01</Quantity></Item><Balance>81.84</Balance><Currency>Euros</Currency></Invoice></SaleList><SaleList><Invoice><Initial>K</Initial><Initial>A</Initial><Surname>Braithwaite</Surname><Item><Code>00</Code><Code>01</Code><Code>02</Code><Description>Twister</Description><Category>Games</Category><Price>00.30</Price><Quantity>01</Quantity></Item><Item><Code>02</Code><Code>03</Code><Code>01</Code><Description>The Times Newspaper</Description><Category>Books and Media</Category><Price>00.20</Price><Quantity>01</Quantity></Item><Balance>00.50</Balance><Currency>Sterling</Currency></Invoice><Invoice><Initial>T</Initial><Initial>J</Initial><Surname>Dunnwin</Surname><Item><Code>04</Code><Code>05</Code><Code>01</Code><Description>The Origin of Species</Description><Category>Books and Media</Category><Price>22.34</Price><Quantity>02</Quantity></Item><Item><Code>06</Code><Code>07</Code><Code>01</Code><Description>Microscope</Description><Category>Miscellaneous</Category><Price>36.20</Price><Quantity>01</Quantity></Item><Balance>81.84</Balance><Currency>Euros</Currency></Invoice></SaleList><SaleList><Invoice><Initial>K</Initial><Initial>A</Initial><Surname>Braithwaite</Surname><Item><Code>00</Code><Code>01</Code><Code>02</Code><Description>Twister</Description><Category>Games</Category><Price>00.30</Price><Quantity>01</Quantity></Item><Item><Code>02</Code><Code>03</Code><Code>01</Code><Description>The Times Newspaper</Description><Category>Books and Media</Category><Price>00.20</Price><Quantity>01</Quantity></Item><Balance>00.50</Balance><Currency>Sterling</Currency></Invoice><Invoice><Initial>T</Initial><Initial>J</Initial><Surname>Dunnwin</Surname><Item><Code>04</Code><Code>05</Code><Code>01</Code><Description>The Origin of Species</Description><Category>Books and Media</Category><Price>22.34</Price><Quantity>02</Quantity></Item><Item><Code>06</Code><Code>07</Code><Code>01</Code><Description>Microscope</Description><Category>Miscellaneous</Category><Price>36.20</Price><Quantity>01</Quantity></Item><Balance>81.84</Balance><Currency>Euros</Currency></Invoice></SaleList><SaleList><Invoice><Initial>K</Initial><Initial>A</Initial><Surname>Braithwaite</Surname><Item><Code>00</Code><Code>01</Code><Code>02</Code><Description>Twister</Description><Category>Games</Category><Price>00.30</Price><Quantity>01</Quantity></Item><Item><Code>02</Code><Code>03</Code><Code>01</Code><Description>The Times Newspaper</Description><Category>Books and Media</Category><Price>00.20</Price><Quantity>01</Quantity></Item><Balance>00.50</Balance><Currency>Sterling</Currency></Invoice><Invoice><Initial>T</Initial><Initial>J</Initial><Surname>Dunnwin</Surname><Item><Code>04</Code><Code>05</Code><Code>01</Code><Description>The Origin of Species</Description><Category>Books and Media</Category><Price>22.34</Price><Quantity>02</Quantity></Item><Item><Code>06</Code><Code>07</Code><Code>01</Code><Description>Microscope</Description><Category>Miscellaneous</Category><Price>36.20</Price><Quantity>01</Quantity></Item><Balance>81.84</Balance><Currency>Euros</Currency></Invoice></SaleList><SaleList><Invoice><Initial>K</Initial><Initial>A</Initial><Surname>Braithwaite</Surname><Item><Code>00</Code><Code>01</Code><Code>02</Code><Description>Twister</Description><Category>Games</Category><Price>00.30</Price><Quantity>01</Quantity></Item><Item><Code>02</Code><Code>03</Code><Code>01</Code><Description>The Times Newspaper</Description><Category>Books and Media</Category><Price>00.20</Price><Quantity>01</Quantity></Item><Balance>00.50</Balance><Currency>Sterling</Currency></Invoice><Invoice><Initial>T</Initial><Initial>J</Initial><Surname>Dunnwin</Surname><Item><Code>04</Code><Code>05</Code><Code>01</Code><Description>The Origin of Species</Description><Category>Books and Media</Category><Price>22.34</Price><Quantity>02</Quantity></Item><Item><Code>06</Code><Code>07</Code><Code>01</Code><Description>Microscope</Description><Category>Miscellaneous</Category><Price>36.20</Price><Quantity>01</Quantity></Item><Balance>81.84</Balance><Currency>Euros</Currency></Invoice></SaleList><SaleList><Invoice><Initial>K</Initial><Initial>A</Initial><Surname>Braithwaite</Surname><Item><Code>00</Code><Code>01</Code><Code>02</Code><Description>Twister</Description><Category>Games</Category><Price>00.30</Price><Quantity>01</Quantity></Item><Item><Code>02</Code><Code>03</Code><Code>01</Code><Description>The Times Newspaper</Description><Category>Books and Media</Category><Price>00.20</Price><Quantity>01</Quantity></Item><Balance>00.50</Balance><Currency>Sterling</Currency></Invoice><Invoice><Initial>T</Initial><Initial>J</Initial><Surname>Dunnwin</Surname><Item><Code>04</Code><Code>05</Code><Code>01</Code><Description>The Origin of Species</Description><Category>Books and Media</Category><Price>22.34</Price><Quantity>02</Quantity></Item><Item><Code>06</Code><Code>07</Code><Code>01</Code><Description>Microscope</Description><Category>Miscellaneous</Category><Price>36.20</Price><Quantity>01</Quantity></Item><Balance>81.84</Balance><Currency>Euros</Currency></Invoice></SaleList><SaleList><Invoice><Initial>K</Initial><Initial>A</Initial><Surname>Braithwaite</Surname><Item><Code>00</Code><Code>01</Code><Code>02</Code><Description>Twister</Description><Category>Games</Category><Price>00.30</Price><Quantity>01</Quantity></Item><Item><Code>02</Code><Code>03</Code><Code>01</Code><Description>The Times Newspaper</Description><Category>Books and Media</Category><Price>00.20</Price><Quantity>01</Quantity></Item><Balance>00.50</Balance><Currency>Sterling</Currency></Invoice><Invoice><Initial>T</Initial><Initial>J</Initial><Surname>Dunnwin</Surname><Item><Code>04</Code><Code>05</Code><Code>01</Code><Description>The Origin of Species</Description><Category>Books and Media</Category><Price>22.34</Price><Quantity>02</Quantity></Item><Item><Code>06</Code><Code>07</Code><Code>01</Code><Description>Microscope</Description><Category>Miscellaneous</Category><Price>36.20</Price><Quantity>01</Quantity></Item><Balance>81.84</Balance><Currency>Euros</Currency></Invoice></SaleList><SaleList><Invoice><Initial>K</Initial><Initial>A</Initial><Surname>Braithwaite</Surname><Item><Code>00</Code><Code>01</Code><Code>02</Code><Description>Twister</Description><Category>Games</Category><Price>00.30</Price><Quantity>01</Quantity></Item><Item><Code>02</Code><Code>03</Code><Code>01</Code><Description>The Times Newspaper</Description><Category>Books and Media</Category><Price>00.20</Price><Quantity>01</Quantity></Item><Balance>00.50</Balance><Currency>Sterling</Currency></Invoice><Invoice><Initial>T</Initial><Initial>J</Initial><Surname>Dunnwin</Surname><Item><Code>04</Code><Code>05</Code><Code>01</Code><Description>The Origin of Species</Description><Category>Books and Media</Category><Price>22.34</Price><Quantity>02</Quantity></Item><Item><Code>06</Code><Code>07</Code><Code>01</Code><Description>Microscope</Description><Category>Miscellaneous</Category><Price>36.20</Price><Quantity>01</Quantity></Item><Balance>81.84</Balance><Currency>Euros</Currency></Invoice></SaleList><SaleList><Invoice><Initial>K</Initial><Initial>A</Initial><Surname>Braithwaite</Surname><Item><Code>00</Code><Code>01</Code><Code>02</Code><Description>Twister</Description><Category>Games</Category><Price>00.30</Price><Quantity>01</Quantity></Item><Item><Code>02</Code><Code>03</Code><Code>01</Code><Description>The Times Newspaper</Description><Category>Books and Media</Category><Price>00.20</Price><Quantity>01</Quantity></Item><Balance>00.50</Balance><Currency>Sterling</Currency></Invoice><Invoice><Initial>T</Initial><Initial>J</Initial><Surname>Dunnwin</Surname><Item><Code>04</Code><Code>05</Code><Code>01</Code><Description>The Origin of Species</Description><Category>Books and Media</Category><Price>22.34</Price><Quantity>02</Quantity></Item><Item><Code>06</Code><Code>07</Code><Code>01</Code><Description>Microscope</Description><Category>Miscellaneous</Category><Price>36.20</Price><Quantity>01</Quantity></Item><Balance>81.84</Balance><Currency>Euros</Currency></Invoice></SaleList><SaleList><Invoice><Initial>K</Initial><Initial>A</Initial><Surname>Braithwaite</Surname><Item><Code>00</Code><Code>01</Code><Code>02</Code><Description>Twister</Description><Category>Games</Category><Price>00.30</Price><Quantity>01</Quantity></Item><Item><Code>02</Code><Code>03</Code><Code>01</Code><Description>The Times Newspaper</Description><Category>Books and Media</Category><Price>00.20</Price><Quantity>01</Quantity></Item><Balance>00.50</Balance><Currency>Sterling</Currency></Invoice><Invoice><Initial>T</Initial><Initial>J</Initial><Surname>Dunnwin</Surname><Item><Code>04</Code><Code>05</Code><Code>01</Code><Description>The Origin of Species</Description><Category>Books and Media</Category><Price>22.34</Price><Quantity>02</Quantity></Item><Item><Code>06</Code><Code>07</Code><Code>01</Code><Description>Microscope</Description><Category>Miscellaneous</Category><Price>36.20</Price><Quantity>01</Quantity></Item><Balance>81.84</Balance><Currency>Euros</Currency></Invoice></SaleList><SaleList><Invoice><Initial>K</Initial><Initial>A</Initial><Surname>Braithwaite</Surname><Item><Code>00</Code><Code>01</Code><Code>02</Code><Description>Twister</Description><Category>Games</Category><Price>00.30</Price><Quantity>01</Quantity></Item><Item><Code>02</Code><Code>03</Code><Code>01</Code><Description>The Times Newspaper</Description><Category>Books and Media</Category><Price>00.20</Price><Quantity>01</Quantity></Item><Balance>00.50</Balance><Currency>Sterling</Currency></Invoice><Invoice><Initial>T</Initial><Initial>J</Initial><Surname>Dunnwin</Surname><Item><Code>04</Code><Code>05</Code><Code>01</Code><Description>The Origin of Species</Description><Category>Books and Media</Category><Price>22.34</Price><Quantity>02</Quantity></Item><Item><Code>06</Code><Code>07</Code><Code>01</Code><Description>Microscope</Description><Category>Miscellaneous</Category><Price>36.20</Price><Quantity>01</Quantity></Item><Balance>81.84</Balance><Currency>Euros</Currency></Invoice></SaleList><SaleList><Invoice><Initial>K</Initial><Initial>A</Initial><Surname>Braithwaite</Surname><Item><Code>00</Code><Code>01</Code><Code>02</Code><Description>Twister</Description><Category>Games</Category><Price>00.30</Price><Quantity>01</Quantity></Item><Item><Code>02</Code><Code>03</Code><Code>01</Code><Description>The Times Newspaper</Description><Category>Books and Media</Category><Price>00.20</Price><Quantity>01</Quantity></Item><Balance>00.50</Balance><Currency>Sterling</Currency></Invoice><Invoice><Initial>T</Initial><Initial>J</Initial><Surname>Dunnwin</Surname><Item><Code>04</Code><Code>05</Code><Code>01</Code><Description>The Origin of Species</Description><Category>Books and Media</Category><Price>22.34</Price><Quantity>02</Quantity></Item><Item><Code>06</Code><Code>07</Code><Code>01</Code><Description>Microscope</Description><Category>Miscellaneous</Category><Price>36.20</Price><Quantity>01</Quantity></Item><Balance>81.84</Balance><Currency>Euros</Currency></Invoice></SaleList><SaleList><Invoice><Initial>K</Initial><Initial>A</Initial><Surname>Braithwaite</Surname><Item><Code>00</Code><Code>01</Code><Code>02</Code><Description>Twister</Description><Category>Games</Category><Price>00.30</Price><Quantity>01</Quantity></Item><Item><Code>02</Code><Code>03</Code><Code>01</Code><Description>The Times Newspaper</Description><Category>Books and Media</Category><Price>00.20</Price><Quantity>01</Quantity></Item><Balance>00.50</Balance><Currency>Sterling</Currency></Invoice><Invoice><Initial>T</Initial><Initial>J</Initial><Surname>Dunnwin</Surname><Item><Code>04</Code><Code>05</Code><Code>01</Code><Description>The Origin of Species</Description><Category>Books and Media</Category><Price>22.34</Price><Quantity>02</Quantity></Item><Item><Code>06</Code><Code>07</Code><Code>01</Code><Description>Microscope</Description><Category>Miscellaneous</Category><Price>36.20</Price><Quantity>01</Quantity></Item><Balance>81.84</Balance><Currency>Euros</Currency></Invoice></SaleList><SaleList><Invoice><Initial>K</Initial><Initial>A</Initial><Surname>Braithwaite</Surname><Item><Code>00</Code><Code>01</Code><Code>02</Code><Description>Twister</Description><Category>Games</Category><Price>00.30</Price><Quantity>01</Quantity></Item><Item><Code>02</Code><Code>03</Code><Code>01</Code><Description>The Times Newspaper</Description><Category>Books and Media</Category><Price>00.20</Price><Quantity>01</Quantity></Item><Balance>00.50</Balance><Currency>Sterling</Currency></Invoice><Invoice><Initial>T</Initial><Initial>J</Initial><Surname>Dunnwin</Surname><Item><Code>04</Code><Code>05</Code><Code>01</Code><Description>The Origin of Species</Description><Category>Books and Media</Category><Price>22.34</Price><Quantity>02</Quantity></Item><Item><Code>06</Code><Code>07</Code><Code>01</Code><Description>Microscope</Description><Category>Miscellaneous</Category><Price>36.20</Price><Quantity>01</Quantity></Item><Balance>81.84</Balance><Currency>Euros</Currency></Invoice></SaleList><SaleList><Invoice><Initial>K</Initial><Initial>A</Initial><Surname>Braithwaite</Surname><Item><Code>00</Code><Code>01</Code><Code>02</Code><Description>Twister</Description><Category>Games</Category><Price>00.30</Price><Quantity>01</Quantity></Item><Item><Code>02</Code><Code>03</Code><Code>01</Code><Description>The Times Newspaper</Description><Category>Books and Media</Category><Price>00.20</Price><Quantity>01</Quantity></Item><Balance>00.50</Balance><Currency>Sterling</Currency></Invoice><Invoice><Initial>T</Initial><Initial>J</Initial><Surname>Dunnwin</Surname><Item><Code>04</Code><Code>05</Code><Code>01</Code><Description>The Origin of Species</Description><Category>Books and Media</Category><Price>22.34</Price><Quantity>02</Quantity></Item><Item><Code>06</Code><Code>07</Code><Code>01</Code><Description>Microscope</Description><Category>Miscellaneous</Category><Price>36.20</Price><Quantity>01</Quantity></Item><Balance>81.84</Balance><Currency>Euros</Currency></Invoice></SaleList><Trailer><CompletionTime>12.00.00</CompletionTime></Trailer></SaleEnvelope></tns:SaleRequest></soapenv:Body></soapenv:Envelope>